eeg,target
"[[-0.00672687  0.40949691  0.74284848 ...  0.12542792  0.0079942
  -0.05515089]
 [-0.00934631  0.21706847  0.37328022 ...  0.09059168  0.16206585
   0.1587529 ]
 [-0.0118976  -0.20933967 -0.26469691 ...  0.0115267   0.03453245
  -0.0037499 ]
 ...
 [ 0.01504464  0.01958039  0.04688576 ...  0.17334581  0.10463084
   0.06595704]
 [-0.00664502  0.10185109  0.1161054  ... -0.81875475 -0.99252485
  -0.90529142]
 [-0.01191805 -0.05150565  0.00733175 ... -0.18363184 -0.22241067
  -0.26607846]]",[0. 0. 0. ... 2. 2. 2.]
